2026-09-10,Path B deployment + VHDX migration,CLI App Server live state to R:,deferred-troubleshooting-archive
2026-09-12,Custody chain proposal + Phase 0 42/42,document lifecycle ratified,deferred-custody-chain
2026-09-14,Fleet sign-off complete,Edictum imperatoris est,deferred-milestones
2026-09-15,Colloquium 9 rulings,doctrine day,deferred-colloquium-2026-09-15
2026-09-16,Bench night + Liber Testimoniorum v0.1,MP1 verdict VRAM series,deferred-bench-night
2026-09-17,AI-hostile review ACCEPT + Beta Protocol v0.3,dual-shore formalized,deferred-day-record
2026-09-18,Fox run1 fail-closed anomaly,error net live-fire proven,deferred-relay-infrastructure
2026-09-19,GOAP G2 executed FAIL,10 HELD 0 DEAD determinism PROVEN,deferred-goap-landmine-battery
2026-09-20,HTN brief + GOAP validators recommendation,planning architecture,deferred-fleet-build-log4
2026-09-22,Tactician brain swap qwen3:8b,100% GPU native tools,house memory
2026-09-23,Master design day,belief-state law two-grid six-arm battery,deferred-master-design
2026-09-24,Buffy freeze incident + pathfinder baseline PASS,forensics closed,cloud-085
2026-09-25,Absorption doctrine + audit orders + Liber Status,design references ruling,deferred-external-scripts-inclusion
